-- MySQL Script generated by MySQL Workbench
-- Thu Apr 11 21:03:59 2019
-- Model: New Model    Version: 1.0
-- MySQL Workbench Forward Engineering

SET @OLD_UNIQUE_CHECKS=@@UNIQUE_CHECKS, UNIQUE_CHECKS=0;
SET @OLD_FOREIGN_KEY_CHECKS=@@FOREIGN_KEY_CHECKS, FOREIGN_KEY_CHECKS=0;
SET @OLD_SQL_MODE=@@SQL_MODE, SQL_MODE='ONLY_FULL_GROUP_BY,STRICT_TRANS_TABLES,NO_ZERO_IN_DATE,NO_ZERO_DATE,ERROR_FOR_DIVISION_BY_ZERO,NO_ENGINE_SUBSTITUTION';

-- -----------------------------------------------------
-- Schema NetflixDB
-- -----------------------------------------------------
DROP SCHEMA IF EXISTS `NetflixDB` ;

-- -----------------------------------------------------
-- Schema NetflixDB
-- -----------------------------------------------------
CREATE SCHEMA IF NOT EXISTS `NetflixDB` DEFAULT CHARACTER SET utf8 ;
USE `NetflixDB` ;

-- -----------------------------------------------------
-- Table `NetflixDB`.`LANGUAGE`
-- -----------------------------------------------------
DROP TABLE IF EXISTS `NetflixDB`.`LANGUAGE` ;

CREATE TABLE IF NOT EXISTS `NetflixDB`.`LANGUAGE` (
  `language_id` INT NOT NULL,
  `language_name` VARCHAR(45) NOT NULL,
  `language_code` VARCHAR(2) NOT NULL,
  PRIMARY KEY (`language_id`))
ENGINE = InnoDB;


-- -----------------------------------------------------
-- Table `NetflixDB`.`POSITION`
-- -----------------------------------------------------
DROP TABLE IF EXISTS `NetflixDB`.`POSITION` ;

CREATE TABLE IF NOT EXISTS `NetflixDB`.`POSITION` (
  `position_id` INT NOT NULL AUTO_INCREMENT,
  `position_desc` VARCHAR(100) NOT NULL,
  PRIMARY KEY (`position_id`))
ENGINE = InnoDB;


-- -----------------------------------------------------
-- Table `NetflixDB`.`LOCATION`
-- -----------------------------------------------------
DROP TABLE IF EXISTS `NetflixDB`.`LOCATION` ;

CREATE TABLE IF NOT EXISTS `NetflixDB`.`LOCATION` (
  `location_id` INT NOT NULL AUTO_INCREMENT,
  `location_code` VARCHAR(2) NOT NULL,
  `location_desc` VARCHAR(100) NOT NULL,
  PRIMARY KEY (`location_id`))
ENGINE = InnoDB;


-- -----------------------------------------------------
-- Table `NetflixDB`.`ACCOUNT`
-- -----------------------------------------------------
DROP TABLE IF EXISTS `NetflixDB`.`ACCOUNT` ;

CREATE TABLE IF NOT EXISTS `NetflixDB`.`ACCOUNT` (
  `user_id` INT NOT NULL AUTO_INCREMENT,
  `position` INT NOT NULL,
  `password` VARCHAR(75) NOT NULL,
  `firstname` VARCHAR(100) NOT NULL,
  `lastname` VARCHAR(100) NOT NULL,
  `email` VARCHAR(100) NOT NULL,
  `rate` DOUBLE NOT NULL,
  `isactive` TINYINT NOT NULL,
  `location` INT NOT NULL DEFAULT 38,
  INDEX `position_id_idx` (`position` ASC),
  PRIMARY KEY (`user_id`),
  UNIQUE INDEX `email_UNIQUE` (`email` ASC),
  INDEX `fk_ACCOUNT_1_idx` (`location` ASC),
  CONSTRAINT `position_id`
    FOREIGN KEY (`position`)
    REFERENCES `NetflixDB`.`POSITION` (`position_id`)
    ON DELETE NO ACTION
    ON UPDATE NO ACTION,
  CONSTRAINT `fk_ACCOUNT_1`
    FOREIGN KEY (`location`)
    REFERENCES `NetflixDB`.`LOCATION` (`location_id`)
    ON DELETE NO ACTION
    ON UPDATE NO ACTION)
ENGINE = InnoDB
AUTO_INCREMENT = 1;


-- -----------------------------------------------------
-- Table `NetflixDB`.`REPORT`
-- -----------------------------------------------------
DROP TABLE IF EXISTS `NetflixDB`.`REPORT` ;

CREATE TABLE IF NOT EXISTS `NetflixDB`.`REPORT` (
  `report_id` INT NOT NULL AUTO_INCREMENT,
  `report_status` VARCHAR(30) NOT NULL,
  `creation_date` DATE NOT NULL,
  `u_id` INT NOT NULL,
  PRIMARY KEY (`report_id`),
  INDEX `fk_REPORT_ACCOUNT1_idx` (`u_id` ASC),
  CONSTRAINT `fk_REPORT_ACCOUNT1`
    FOREIGN KEY (`u_id`)
    REFERENCES `NetflixDB`.`ACCOUNT` (`user_id`)
    ON DELETE NO ACTION
    ON UPDATE NO ACTION)
ENGINE = InnoDB;


-- -----------------------------------------------------
-- Table `NetflixDB`.`MESSAGE_GROUP`
-- -----------------------------------------------------
DROP TABLE IF EXISTS `NetflixDB`.`MESSAGE_GROUP` ;

CREATE TABLE IF NOT EXISTS `NetflixDB`.`MESSAGE_GROUP` (
  `message_group_id` INT NOT NULL AUTO_INCREMENT,
  `chatlog_ref` VARCHAR(100) NOT NULL,
  PRIMARY KEY (`message_group_id`))
ENGINE = InnoDB;


-- -----------------------------------------------------
-- Table `NetflixDB`.`TITLE`
-- -----------------------------------------------------
DROP TABLE IF EXISTS `NetflixDB`.`TITLE` ;

CREATE TABLE IF NOT EXISTS `NetflixDB`.`TITLE` (
  `title_id` INT NOT NULL AUTO_INCREMENT,
  `name` VARCHAR(100) NOT NULL,
  `start_date` DATE NOT NULL,
  `end_date` DATE NOT NULL,
  `is_active` TINYINT NOT NULL,
  `priority` TINYINT NOT NULL,
  `design_info` VARCHAR(1000) NOT NULL,
  `number_of_freelancers` INT NOT NULL,
  `design_lead_id` INT NOT NULL,
  `coordinator_id` INT NOT NULL,
  `max_number_of_freelancers` INT NOT NULL,
  `completed` TINYINT NOT NULL DEFAULT 0,
  PRIMARY KEY (`title_id`))
ENGINE = InnoDB;


-- -----------------------------------------------------
-- Table `NetflixDB`.`STATUS`
-- -----------------------------------------------------
DROP TABLE IF EXISTS `NetflixDB`.`STATUS` ;

CREATE TABLE IF NOT EXISTS `NetflixDB`.`STATUS` (
  `status_id` INT NOT NULL,
  `status_desc` VARCHAR(45) NOT NULL,
  PRIMARY KEY (`status_id`))
ENGINE = InnoDB;


-- -----------------------------------------------------
-- Table `NetflixDB`.`TITLE_has_ACCOUNT`
-- -----------------------------------------------------
DROP TABLE IF EXISTS `NetflixDB`.`TITLE_has_ACCOUNT` ;

CREATE TABLE IF NOT EXISTS `NetflixDB`.`TITLE_has_ACCOUNT` (
  `TITLE_title_id` INT NOT NULL,
  `ACCOUNT_user_id` INT NOT NULL,
  `STATUS_status_id` INT NOT NULL,
  PRIMARY KEY (`TITLE_title_id`, `ACCOUNT_user_id`, `STATUS_status_id`),
  INDEX `fk_TITLE_has_ACCOUNT_ACCOUNT1_idx` (`ACCOUNT_user_id` ASC),
  INDEX `fk_TITLE_has_ACCOUNT_TITLE1_idx` (`TITLE_title_id` ASC),
  INDEX `fk_TITLE_has_ACCOUNT_STATUS1_idx` (`STATUS_status_id` ASC),
  CONSTRAINT `fk_TITLE_has_ACCOUNT_TITLE1`
    FOREIGN KEY (`TITLE_title_id`)
    REFERENCES `NetflixDB`.`TITLE` (`title_id`)
    ON DELETE NO ACTION
    ON UPDATE NO ACTION,
  CONSTRAINT `fk_TITLE_has_ACCOUNT_ACCOUNT1`
    FOREIGN KEY (`ACCOUNT_user_id`)
    REFERENCES `NetflixDB`.`ACCOUNT` (`user_id`)
    ON DELETE NO ACTION
    ON UPDATE NO ACTION,
  CONSTRAINT `fk_TITLE_has_ACCOUNT_STATUS1`
    FOREIGN KEY (`STATUS_status_id`)
    REFERENCES `NetflixDB`.`STATUS` (`status_id`)
    ON DELETE NO ACTION
    ON UPDATE NO ACTION)
ENGINE = InnoDB;


-- -----------------------------------------------------
-- Table `NetflixDB`.`ARTWORK`
-- -----------------------------------------------------
DROP TABLE IF EXISTS `NetflixDB`.`ARTWORK` ;

CREATE TABLE IF NOT EXISTS `NetflixDB`.`ARTWORK` (
  `artwork_id` INT NOT NULL AUTO_INCREMENT,
  `artwork_name` VARCHAR(100) NOT NULL,
  `artwork_ref` VARCHAR(100) NOT NULL,
  `rating` INT NOT NULL,
  `artwork_status` TINYINT NOT NULL DEFAULT 0,
  `round` INT NOT NULL DEFAULT 1,
  `title` INT NOT NULL,
  `account` INT NOT NULL,
  `status` INT NOT NULL,
  PRIMARY KEY (`artwork_id`),
  INDEX `fk_ARTWORK_TITLE_has_ACCOUNT1_idx` (`title` ASC, `account` ASC, `status` ASC),
  CONSTRAINT `fk_ARTWORK_TITLE_has_ACCOUNT1`
    FOREIGN KEY (`title` , `account` , `status`)
    REFERENCES `NetflixDB`.`TITLE_has_ACCOUNT` (`TITLE_title_id` , `ACCOUNT_user_id` , `STATUS_status_id`)
    ON DELETE NO ACTION
    ON UPDATE NO ACTION)
ENGINE = InnoDB;


-- -----------------------------------------------------
-- Table `NetflixDB`.`FEEDBACK`
-- -----------------------------------------------------
DROP TABLE IF EXISTS `NetflixDB`.`FEEDBACK` ;

CREATE TABLE IF NOT EXISTS `NetflixDB`.`FEEDBACK` (
  `feedback_id` INT NOT NULL AUTO_INCREMENT,
  `artwork_id` INT NOT NULL,
  `feedback_desc` VARCHAR(500) NOT NULL,
  `feedback_date` DATE NOT NULL,
  `isread_date` DATE NOT NULL,
  `isread` TINYINT NOT NULL,
  `round` INT NOT NULL DEFAULT 1,
  PRIMARY KEY (`feedback_id`),
  INDEX `fk_FEEDBACK_ARTWORK1_idx` (`artwork_id` ASC),
  CONSTRAINT `fk_FEEDBACK_ARTWORK1`
    FOREIGN KEY (`artwork_id`)
    REFERENCES `NetflixDB`.`ARTWORK` (`artwork_id`)
    ON DELETE NO ACTION
    ON UPDATE NO ACTION)
ENGINE = InnoDB;


-- -----------------------------------------------------
-- Table `NetflixDB`.`STYLE`
-- -----------------------------------------------------
DROP TABLE IF EXISTS `NetflixDB`.`STYLE` ;

CREATE TABLE IF NOT EXISTS `NetflixDB`.`STYLE` (
  `style_id` INT NOT NULL,
  `style_desc` VARCHAR(100) NOT NULL,
  PRIMARY KEY (`style_id`))
ENGINE = InnoDB;


-- -----------------------------------------------------
-- Table `NetflixDB`.`GENRE`
-- -----------------------------------------------------
DROP TABLE IF EXISTS `NetflixDB`.`GENRE` ;

CREATE TABLE IF NOT EXISTS `NetflixDB`.`GENRE` (
  `genre_id` INT NOT NULL AUTO_INCREMENT,
  `genre_desc` VARCHAR(75) NOT NULL,
  PRIMARY KEY (`genre_id`))
ENGINE = InnoDB;


-- -----------------------------------------------------
-- Table `NetflixDB`.`ASSET_TYPE`
-- -----------------------------------------------------
DROP TABLE IF EXISTS `NetflixDB`.`ASSET_TYPE` ;

CREATE TABLE IF NOT EXISTS `NetflixDB`.`ASSET_TYPE` (
  `type_id` INT NOT NULL AUTO_INCREMENT,
  `type_desc` VARCHAR(100) NOT NULL,
  PRIMARY KEY (`type_id`))
ENGINE = InnoDB;


-- -----------------------------------------------------
-- Table `NetflixDB`.`ASSET`
-- -----------------------------------------------------
DROP TABLE IF EXISTS `NetflixDB`.`ASSET` ;

CREATE TABLE IF NOT EXISTS `NetflixDB`.`ASSET` (
  `type_id` INT NOT NULL,
  `title_id` INT NOT NULL,
  `asset_id` INT NOT NULL AUTO_INCREMENT,
  `type_ref` VARCHAR(45) NOT NULL,
  INDEX `fk_ASSET_ASSET_TYPE1_idx` (`type_id` ASC),
  INDEX `fk_ASSET_TITLE1_idx` (`title_id` ASC),
  PRIMARY KEY (`asset_id`),
  CONSTRAINT `fk_ASSET_ASSET_TYPE1`
    FOREIGN KEY (`type_id`)
    REFERENCES `NetflixDB`.`ASSET_TYPE` (`type_id`)
    ON DELETE NO ACTION
    ON UPDATE NO ACTION,
  CONSTRAINT `fk_ASSET_TITLE1`
    FOREIGN KEY (`title_id`)
    REFERENCES `NetflixDB`.`TITLE` (`title_id`)
    ON DELETE NO ACTION
    ON UPDATE NO ACTION)
ENGINE = InnoDB;


-- -----------------------------------------------------
-- Table `NetflixDB`.`BACKUP`
-- -----------------------------------------------------
DROP TABLE IF EXISTS `NetflixDB`.`BACKUP` ;

CREATE TABLE IF NOT EXISTS `NetflixDB`.`BACKUP` (
  `backup_id` INT NOT NULL AUTO_INCREMENT,
  `backup_name` VARCHAR(200) NOT NULL,
  `backup_date` DATETIME NOT NULL,
  PRIMARY KEY (`backup_id`))
ENGINE = InnoDB;


-- -----------------------------------------------------
-- Table `NetflixDB`.`STYLE_has_ARTWORK`
-- -----------------------------------------------------
DROP TABLE IF EXISTS `NetflixDB`.`STYLE_has_ARTWORK` ;

CREATE TABLE IF NOT EXISTS `NetflixDB`.`STYLE_has_ARTWORK` (
  `STYLE_style_id` INT NOT NULL,
  `ARTWORK_artwork_id` INT NOT NULL,
  PRIMARY KEY (`STYLE_style_id`, `ARTWORK_artwork_id`),
  INDEX `fk_STYLE_has_ARTWORK_ARTWORK1_idx` (`ARTWORK_artwork_id` ASC),
  INDEX `fk_STYLE_has_ARTWORK_STYLE1_idx` (`STYLE_style_id` ASC),
  CONSTRAINT `fk_STYLE_has_ARTWORK_STYLE1`
    FOREIGN KEY (`STYLE_style_id`)
    REFERENCES `NetflixDB`.`STYLE` (`style_id`)
    ON DELETE NO ACTION
    ON UPDATE NO ACTION,
  CONSTRAINT `fk_STYLE_has_ARTWORK_ARTWORK1`
    FOREIGN KEY (`ARTWORK_artwork_id`)
    REFERENCES `NetflixDB`.`ARTWORK` (`artwork_id`)
    ON DELETE NO ACTION
    ON UPDATE NO ACTION)
ENGINE = InnoDB;


-- -----------------------------------------------------
-- Table `NetflixDB`.`GENRE_has_TITLE`
-- -----------------------------------------------------
DROP TABLE IF EXISTS `NetflixDB`.`GENRE_has_TITLE` ;

CREATE TABLE IF NOT EXISTS `NetflixDB`.`GENRE_has_TITLE` (
  `GENRE_genre_id` INT NOT NULL,
  `TITLE_title_id` INT NOT NULL,
  PRIMARY KEY (`GENRE_genre_id`, `TITLE_title_id`),
  INDEX `fk_GENRE_has_TITLE_TITLE1_idx` (`TITLE_title_id` ASC),
  INDEX `fk_GENRE_has_TITLE_GENRE1_idx` (`GENRE_genre_id` ASC),
  CONSTRAINT `fk_GENRE_has_TITLE_GENRE1`
    FOREIGN KEY (`GENRE_genre_id`)
    REFERENCES `NetflixDB`.`GENRE` (`genre_id`)
    ON DELETE NO ACTION
    ON UPDATE NO ACTION,
  CONSTRAINT `fk_GENRE_has_TITLE_TITLE1`
    FOREIGN KEY (`TITLE_title_id`)
    REFERENCES `NetflixDB`.`TITLE` (`title_id`)
    ON DELETE NO ACTION
    ON UPDATE NO ACTION)
ENGINE = InnoDB;


-- -----------------------------------------------------
-- Table `NetflixDB`.`MESSAGE`
-- -----------------------------------------------------
DROP TABLE IF EXISTS `NetflixDB`.`MESSAGE` ;

CREATE TABLE IF NOT EXISTS `NetflixDB`.`MESSAGE` (
  `message_id` INT NOT NULL AUTO_INCREMENT,
  `message_text` VARCHAR(250) NOT NULL,
  `users_message` VARCHAR(100) NOT NULL,
  `time_of_message` DATE NOT NULL,
  PRIMARY KEY (`message_id`))
ENGINE = InnoDB;


-- -----------------------------------------------------
-- Table `NetflixDB`.`ACCOUNT_has_MESSAGE_GROUP`
-- -----------------------------------------------------
DROP TABLE IF EXISTS `NetflixDB`.`ACCOUNT_has_MESSAGE_GROUP` ;

CREATE TABLE IF NOT EXISTS `NetflixDB`.`ACCOUNT_has_MESSAGE_GROUP` (
  `ACCOUNT_user_id` INT NOT NULL,
  `MESSAGE_GROUP_message_group_id` INT NOT NULL,
  `MESSAGE_message_id` INT NOT NULL,
  PRIMARY KEY (`ACCOUNT_user_id`, `MESSAGE_GROUP_message_group_id`, `MESSAGE_message_id`),
  INDEX `fk_ACCOUNT_has_MESSAGE_GROUP_MESSAGE_GROUP1_idx` (`MESSAGE_GROUP_message_group_id` ASC),
  INDEX `fk_ACCOUNT_has_MESSAGE_GROUP_ACCOUNT1_idx` (`ACCOUNT_user_id` ASC),
  INDEX `fk_ACCOUNT_has_MESSAGE_GROUP_MESSAGE1_idx` (`MESSAGE_message_id` ASC),
  CONSTRAINT `fk_ACCOUNT_has_MESSAGE_GROUP_ACCOUNT1`
    FOREIGN KEY (`ACCOUNT_user_id`)
    REFERENCES `NetflixDB`.`ACCOUNT` (`user_id`)
    ON DELETE NO ACTION
    ON UPDATE NO ACTION,
  CONSTRAINT `fk_ACCOUNT_has_MESSAGE_GROUP_MESSAGE_GROUP1`
    FOREIGN KEY (`MESSAGE_GROUP_message_group_id`)
    REFERENCES `NetflixDB`.`MESSAGE_GROUP` (`message_group_id`)
    ON DELETE NO ACTION
    ON UPDATE NO ACTION,
  CONSTRAINT `fk_ACCOUNT_has_MESSAGE_GROUP_MESSAGE1`
    FOREIGN KEY (`MESSAGE_message_id`)
    REFERENCES `NetflixDB`.`MESSAGE` (`message_id`)
    ON DELETE NO ACTION
    ON UPDATE NO ACTION)
ENGINE = InnoDB;


-- -----------------------------------------------------
-- Table `NetflixDB`.`ACCOUNT_has_LANGUAGE`
-- -----------------------------------------------------
DROP TABLE IF EXISTS `NetflixDB`.`ACCOUNT_has_LANGUAGE` ;

CREATE TABLE IF NOT EXISTS `NetflixDB`.`ACCOUNT_has_LANGUAGE` (
  `ACCOUNT_user_id` INT NOT NULL,
  `LANGUAGE_language_id` INT NOT NULL,
  PRIMARY KEY (`ACCOUNT_user_id`, `LANGUAGE_language_id`),
  INDEX `fk_ACCOUNT_has_LANGUAGE_LANGUAGE1_idx` (`LANGUAGE_language_id` ASC),
  INDEX `fk_ACCOUNT_has_LANGUAGE_ACCOUNT1_idx` (`ACCOUNT_user_id` ASC),
  CONSTRAINT `fk_ACCOUNT_has_LANGUAGE_ACCOUNT1`
    FOREIGN KEY (`ACCOUNT_user_id`)
    REFERENCES `NetflixDB`.`ACCOUNT` (`user_id`)
    ON DELETE NO ACTION
    ON UPDATE NO ACTION,
  CONSTRAINT `fk_ACCOUNT_has_LANGUAGE_LANGUAGE1`
    FOREIGN KEY (`LANGUAGE_language_id`)
    REFERENCES `NetflixDB`.`LANGUAGE` (`language_id`)
    ON DELETE NO ACTION
    ON UPDATE NO ACTION)
ENGINE = InnoDB;


-- -----------------------------------------------------
-- Table `NetflixDB`.`RECOVERY_USER`
-- -----------------------------------------------------
DROP TABLE IF EXISTS `NetflixDB`.`RECOVERY_USER` ;

CREATE TABLE IF NOT EXISTS `NetflixDB`.`RECOVERY_USER` (
  `Email` VARCHAR(100) NOT NULL,
  `time_stamp` DATETIME NOT NULL,
  `recovery_id` VARCHAR(7) NOT NULL,
  PRIMARY KEY (`Email`))
ENGINE = InnoDB
KEY_BLOCK_SIZE = 2;


-- -----------------------------------------------------
-- Table `NetflixDB`.`DROPBOX_TOKEN`
-- -----------------------------------------------------
DROP TABLE IF EXISTS `NetflixDB`.`DROPBOX_TOKEN` ;

CREATE TABLE IF NOT EXISTS `NetflixDB`.`DROPBOX_TOKEN` (
  `TOKEN_ID` VARCHAR(200) NOT NULL,
  PRIMARY KEY (`TOKEN_ID`))
ENGINE = InnoDB;


-- -----------------------------------------------------
-- Table `NetflixDB`.`SHARED_LINK`
-- -----------------------------------------------------
DROP TABLE IF EXISTS `NetflixDB`.`SHARED_LINK` ;

CREATE TABLE IF NOT EXISTS `NetflixDB`.`SHARED_LINK` (
  `shared_link_id` INT NOT NULL,
  `shared_link` VARCHAR(200) NOT NULL,
  PRIMARY KEY (`shared_link_id`))
ENGINE = InnoDB;


-- -----------------------------------------------------
-- Table `NetflixDB`.`GENRE_has_ACCOUNT`
-- -----------------------------------------------------
DROP TABLE IF EXISTS `NetflixDB`.`GENRE_has_ACCOUNT` ;

CREATE TABLE IF NOT EXISTS `NetflixDB`.`GENRE_has_ACCOUNT` (
  `GENRE_genre_id` INT NOT NULL,
  `ACCOUNT_user_id` INT NOT NULL,
  PRIMARY KEY (`GENRE_genre_id`, `ACCOUNT_user_id`),
  INDEX `fk_GENRE_has_ACCOUNT_ACCOUNT1_idx` (`ACCOUNT_user_id` ASC),
  INDEX `fk_GENRE_has_ACCOUNT_GENRE1_idx` (`GENRE_genre_id` ASC),
  CONSTRAINT `fk_GENRE_has_ACCOUNT_GENRE1`
    FOREIGN KEY (`GENRE_genre_id`)
    REFERENCES `NetflixDB`.`GENRE` (`genre_id`)
    ON DELETE NO ACTION
    ON UPDATE NO ACTION,
  CONSTRAINT `fk_GENRE_has_ACCOUNT_ACCOUNT1`
    FOREIGN KEY (`ACCOUNT_user_id`)
    REFERENCES `NetflixDB`.`ACCOUNT` (`user_id`)
    ON DELETE NO ACTION
    ON UPDATE NO ACTION)
ENGINE = InnoDB;

USE `NetflixDB`;

DELIMITER $$

USE `NetflixDB`$$
DROP TRIGGER IF EXISTS `NetflixDB`.`TITLE_has_ACCOUNT_BEFORE_INSERT` $$
USE `NetflixDB`$$
CREATE DEFINER = CURRENT_USER TRIGGER `NetflixDB`.`TITLE_has_ACCOUNT_BEFORE_INSERT` BEFORE INSERT ON `TITLE_has_ACCOUNT` FOR EACH ROW
BEGIN
UPDATE title SET number_of_freelancers = number_of_freelancers + 1 WHERE title_id = NEW.TITLE_title_id;
END$$


USE `NetflixDB`$$
DROP TRIGGER IF EXISTS `NetflixDB`.`TITLE_has_ACCOUNT_BEFORE_DELETE` $$
USE `NetflixDB`$$
CREATE DEFINER = CURRENT_USER TRIGGER `NetflixDB`.`TITLE_has_ACCOUNT_BEFORE_DELETE` BEFORE DELETE ON `TITLE_has_ACCOUNT` FOR EACH ROW
BEGIN
UPDATE title SET number_of_freelancers = number_of_freelancers - 1 WHERE title_id = OLD.TITLE_title_id;
END$$


DELIMITER ;

SET SQL_MODE=@OLD_SQL_MODE;
SET FOREIGN_KEY_CHECKS=@OLD_FOREIGN_KEY_CHECKS;
SET UNIQUE_CHECKS=@OLD_UNIQUE_CHECKS;


-- Test Values
-- Numbers are just placeholders, the real numbers should be like 1000, 2000, 3000, etc. 

CREATE EVENT 
delete_row
    ON SCHEDULE 
      EVERY 30 MINUTE
        DO 
delete from RECOVERY_USER 
WHERE time_stamp < time_stamp +INTERVAL 30 MINUTE;

--POSITION
insert into position (position_id,position_desc)
values (1,'Admin');

insert into position (position_id,position_desc)
values (3,'Design Lead');

insert into position (position_id,position_desc)
values (2,'Coordinator');

insert into position (position_id,position_desc)
values (4,'Freelancer');

--Source of country table from
--https://github.com/raramuridesign/mysql-country-list/blob/master/mysql-country-list.sql

--LOCATION
INSERT INTO `LOCATION` VALUES (null, 'AF', 'Afghanistan');
INSERT INTO `LOCATION` VALUES (null, 'AL', 'Albania');
INSERT INTO `LOCATION` VALUES (null, 'DZ', 'Algeria');
INSERT INTO `LOCATION` VALUES (null, 'DS', 'American Samoa');
INSERT INTO `LOCATION` VALUES (null, 'AD', 'Andorra');
INSERT INTO `LOCATION` VALUES (null, 'AO', 'Angola');
INSERT INTO `LOCATION` VALUES (null, 'AI', 'Anguilla');
INSERT INTO `LOCATION` VALUES (null, 'AQ', 'Antarctica');
INSERT INTO `LOCATION` VALUES (null, 'AG', 'Antigua and Barbuda');
INSERT INTO `LOCATION` VALUES (null, 'AR', 'Argentina');
INSERT INTO `LOCATION` VALUES (null, 'AM', 'Armenia');
INSERT INTO `LOCATION` VALUES (null, 'AW', 'Aruba');
INSERT INTO `LOCATION` VALUES (null, 'AU', 'Australia');
INSERT INTO `LOCATION` VALUES (null, 'AT', 'Austria');
INSERT INTO `LOCATION` VALUES (null, 'AZ', 'Azerbaijan');
INSERT INTO `LOCATION` VALUES (null, 'BS', 'Bahamas');
INSERT INTO `LOCATION` VALUES (null, 'BH', 'Bahrain');
INSERT INTO `LOCATION` VALUES (null, 'BD', 'Bangladesh');
INSERT INTO `LOCATION` VALUES (null, 'BB', 'Barbados');
INSERT INTO `LOCATION` VALUES (null, 'BY', 'Belarus');
INSERT INTO `LOCATION` VALUES (null, 'BE', 'Belgium');
INSERT INTO `LOCATION` VALUES (null, 'BZ', 'Belize');
INSERT INTO `LOCATION` VALUES (null, 'BJ', 'Benin');
INSERT INTO `LOCATION` VALUES (null, 'BM', 'Bermuda');
INSERT INTO `LOCATION` VALUES (null, 'BT', 'Bhutan');
INSERT INTO `LOCATION` VALUES (null, 'BO', 'Bolivia');
INSERT INTO `LOCATION` VALUES (null, 'BA', 'Bosnia and Herzegovina');
INSERT INTO `LOCATION` VALUES (null, 'BW', 'Botswana');
INSERT INTO `LOCATION` VALUES (null, 'BV', 'Bouvet Island');
INSERT INTO `LOCATION` VALUES (null, 'BR', 'Brazil');
INSERT INTO `LOCATION` VALUES (null, 'IO', 'British Indian Ocean Territory');
INSERT INTO `LOCATION` VALUES (null, 'BN', 'Brunei Darussalam');
INSERT INTO `LOCATION` VALUES (null, 'BG', 'Bulgaria');
INSERT INTO `LOCATION` VALUES (null, 'BF', 'Burkina Faso');
INSERT INTO `LOCATION` VALUES (null, 'BI', 'Burundi');
INSERT INTO `LOCATION` VALUES (null, 'KH', 'Cambodia');
INSERT INTO `LOCATION` VALUES (null, 'CM', 'Cameroon');
INSERT INTO `LOCATION` VALUES (null, 'CA', 'Canada');
INSERT INTO `LOCATION` VALUES (null, 'CV', 'Cape Verde');
INSERT INTO `LOCATION` VALUES (null, 'KY', 'Cayman Islands');
INSERT INTO `LOCATION` VALUES (null, 'CF', 'Central African Republic');
INSERT INTO `LOCATION` VALUES (null, 'TD', 'Chad');
INSERT INTO `LOCATION` VALUES (null, 'CL', 'Chile');
INSERT INTO `LOCATION` VALUES (null, 'CN', 'China');
INSERT INTO `LOCATION` VALUES (null, 'CX', 'Christmas Island');
INSERT INTO `LOCATION` VALUES (null, 'CC', 'Cocos (Keeling) Islands');
INSERT INTO `LOCATION` VALUES (null, 'CO', 'Colombia');
INSERT INTO `LOCATION` VALUES (null, 'KM', 'Comoros');
INSERT INTO `LOCATION` VALUES (null, 'CG', 'Congo');
INSERT INTO `LOCATION` VALUES (null, 'CK', 'Cook Islands');
INSERT INTO `LOCATION` VALUES (null, 'CR', 'Costa Rica');
INSERT INTO `LOCATION` VALUES (null, 'HR', 'Croatia (Hrvatska)');
INSERT INTO `LOCATION` VALUES (null, 'CU', 'Cuba');
INSERT INTO `LOCATION` VALUES (null, 'CY', 'Cyprus');
INSERT INTO `LOCATION` VALUES (null, 'CZ', 'Czech Republic');
INSERT INTO `LOCATION` VALUES (null, 'DK', 'Denmark');
INSERT INTO `LOCATION` VALUES (null, 'DJ', 'Djibouti');
INSERT INTO `LOCATION` VALUES (null, 'DM', 'Dominica');
INSERT INTO `LOCATION` VALUES (null, 'DO', 'Dominican Republic');
INSERT INTO `LOCATION` VALUES (null, 'TP', 'East Timor');
INSERT INTO `LOCATION` VALUES (null, 'EC', 'Ecuador');
INSERT INTO `LOCATION` VALUES (null, 'EG', 'Egypt');
INSERT INTO `LOCATION` VALUES (null, 'SV', 'El Salvador');
INSERT INTO `LOCATION` VALUES (null, 'GQ', 'Equatorial Guinea');
INSERT INTO `LOCATION` VALUES (null, 'ER', 'Eritrea');
INSERT INTO `LOCATION` VALUES (null, 'EE', 'Estonia');
INSERT INTO `LOCATION` VALUES (null, 'ET', 'Ethiopia');
INSERT INTO `LOCATION` VALUES (null, 'FK', 'Falkland Islands (Malvinas)');
INSERT INTO `LOCATION` VALUES (null, 'FO', 'Faroe Islands');
INSERT INTO `LOCATION` VALUES (null, 'FJ', 'Fiji');
INSERT INTO `LOCATION` VALUES (null, 'FI', 'Finland');
INSERT INTO `LOCATION` VALUES (null, 'FR', 'France');
INSERT INTO `LOCATION` VALUES (null, 'FX', 'France, Metropolitan');
INSERT INTO `LOCATION` VALUES (null, 'GF', 'French Guiana');
INSERT INTO `LOCATION` VALUES (null, 'PF', 'French Polynesia');
INSERT INTO `LOCATION` VALUES (null, 'TF', 'French Southern Territories');
INSERT INTO `LOCATION` VALUES (null, 'GA', 'Gabon');
INSERT INTO `LOCATION` VALUES (null, 'GM', 'Gambia');
INSERT INTO `LOCATION` VALUES (null, 'GE', 'Georgia');
INSERT INTO `LOCATION` VALUES (null, 'DE', 'Germany');
INSERT INTO `LOCATION` VALUES (null, 'GH', 'Ghana');
INSERT INTO `LOCATION` VALUES (null, 'GI', 'Gibraltar');
INSERT INTO `LOCATION` VALUES (null, 'GK', 'Guernsey');
INSERT INTO `LOCATION` VALUES (null, 'GR', 'Greece');
INSERT INTO `LOCATION` VALUES (null, 'GL', 'Greenland');
INSERT INTO `LOCATION` VALUES (null, 'GD', 'Grenada');
INSERT INTO `LOCATION` VALUES (null, 'GP', 'Guadeloupe');
INSERT INTO `LOCATION` VALUES (null, 'GU', 'Guam');
INSERT INTO `LOCATION` VALUES (null, 'GT', 'Guatemala');
INSERT INTO `LOCATION` VALUES (null, 'GN', 'Guinea');
INSERT INTO `LOCATION` VALUES (null, 'GW', 'Guinea-Bissau');
INSERT INTO `LOCATION` VALUES (null, 'GY', 'Guyana');
INSERT INTO `LOCATION` VALUES (null, 'HT', 'Haiti');
INSERT INTO `LOCATION` VALUES (null, 'HM', 'Heard and Mc Donald Islands');
INSERT INTO `LOCATION` VALUES (null, 'HN', 'Honduras');
INSERT INTO `LOCATION` VALUES (null, 'HK', 'Hong Kong');
INSERT INTO `LOCATION` VALUES (null, 'HU', 'Hungary');
INSERT INTO `LOCATION` VALUES (null, 'IS', 'Iceland');
INSERT INTO `LOCATION` VALUES (null, 'IN', 'India');
INSERT INTO `LOCATION` VALUES (null, 'IM', 'Isle of Man');
INSERT INTO `LOCATION` VALUES (null, 'ID', 'Indonesia');
INSERT INTO `LOCATION` VALUES (null, 'IR', 'Iran (Islamic Republic of)');
INSERT INTO `LOCATION` VALUES (null, 'IQ', 'Iraq');
INSERT INTO `LOCATION` VALUES (null, 'IE', 'Ireland');
INSERT INTO `LOCATION` VALUES (null, 'IL', 'Israel');
INSERT INTO `LOCATION` VALUES (null, 'IT', 'Italy');
INSERT INTO `LOCATION` VALUES (null, 'CI', 'Ivory Coast');
INSERT INTO `LOCATION` VALUES (null, 'JE', 'Jersey');
INSERT INTO `LOCATION` VALUES (null, 'JM', 'Jamaica');
INSERT INTO `LOCATION` VALUES (null, 'JP', 'Japan');
INSERT INTO `LOCATION` VALUES (null, 'JO', 'Jordan');
INSERT INTO `LOCATION` VALUES (null, 'KZ', 'Kazakhstan');
INSERT INTO `LOCATION` VALUES (null, 'KE', 'Kenya');
INSERT INTO `LOCATION` VALUES (null, 'KI', 'Kiribati');
INSERT INTO `LOCATION` VALUES (null, 'KP', 'Korea, Democratic People''s Republic of');
INSERT INTO `LOCATION` VALUES (null, 'KR', 'Korea, Republic of');
INSERT INTO `LOCATION` VALUES (null, 'XK', 'Kosovo');
INSERT INTO `LOCATION` VALUES (null, 'KW', 'Kuwait');
INSERT INTO `LOCATION` VALUES (null, 'KG', 'Kyrgyzstan');
INSERT INTO `LOCATION` VALUES (null, 'LA', 'Lao People''s Democratic Republic');
INSERT INTO `LOCATION` VALUES (null, 'LV', 'Latvia');
INSERT INTO `LOCATION` VALUES (null, 'LB', 'Lebanon');
INSERT INTO `LOCATION` VALUES (null, 'LS', 'Lesotho');
INSERT INTO `LOCATION` VALUES (null, 'LR', 'Liberia');
INSERT INTO `LOCATION` VALUES (null, 'LY', 'Libyan Arab Jamahiriya');
INSERT INTO `LOCATION` VALUES (null, 'LI', 'Liechtenstein');
INSERT INTO `LOCATION` VALUES (null, 'LT', 'Lithuania');
INSERT INTO `LOCATION` VALUES (null, 'LU', 'Luxembourg');
INSERT INTO `LOCATION` VALUES (null, 'MO', 'Macau');
INSERT INTO `LOCATION` VALUES (null, 'MK', 'Macedonia');
INSERT INTO `LOCATION` VALUES (null, 'MG', 'Madagascar');
INSERT INTO `LOCATION` VALUES (null, 'MW', 'Malawi');
INSERT INTO `LOCATION` VALUES (null, 'MY', 'Malaysia');
INSERT INTO `LOCATION` VALUES (null, 'MV', 'Maldives');
INSERT INTO `LOCATION` VALUES (null, 'ML', 'Mali');
INSERT INTO `LOCATION` VALUES (null, 'MT', 'Malta');
INSERT INTO `LOCATION` VALUES (null, 'MH', 'Marshall Islands');
INSERT INTO `LOCATION` VALUES (null, 'MQ', 'Martinique');
INSERT INTO `LOCATION` VALUES (null, 'MR', 'Mauritania');
INSERT INTO `LOCATION` VALUES (null, 'MU', 'Mauritius');
INSERT INTO `LOCATION` VALUES (null, 'TY', 'Mayotte');
INSERT INTO `LOCATION` VALUES (null, 'MX', 'Mexico');
INSERT INTO `LOCATION` VALUES (null, 'FM', 'Micronesia, Federated States of');
INSERT INTO `LOCATION` VALUES (null, 'MD', 'Moldova, Republic of');
INSERT INTO `LOCATION` VALUES (null, 'MC', 'Monaco');
INSERT INTO `LOCATION` VALUES (null, 'MN', 'Mongolia');
INSERT INTO `LOCATION` VALUES (null, 'ME', 'Montenegro');
INSERT INTO `LOCATION` VALUES (null, 'MS', 'Montserrat');
INSERT INTO `LOCATION` VALUES (null, 'MA', 'Morocco');
INSERT INTO `LOCATION` VALUES (null, 'MZ', 'Mozambique');
INSERT INTO `LOCATION` VALUES (null, 'MM', 'Myanmar');
INSERT INTO `LOCATION` VALUES (null, 'NA', 'Namibia');
INSERT INTO `LOCATION` VALUES (null, 'NR', 'Nauru');
INSERT INTO `LOCATION` VALUES (null, 'NP', 'Nepal');
INSERT INTO `LOCATION` VALUES (null, 'NL', 'Netherlands');
INSERT INTO `LOCATION` VALUES (null, 'AN', 'Netherlands Antilles');
INSERT INTO `LOCATION` VALUES (null, 'NC', 'New Caledonia');
INSERT INTO `LOCATION` VALUES (null, 'NZ', 'New Zealand');
INSERT INTO `LOCATION` VALUES (null, 'NI', 'Nicaragua');
INSERT INTO `LOCATION` VALUES (null, 'NE', 'Niger');
INSERT INTO `LOCATION` VALUES (null, 'NG', 'Nigeria');
INSERT INTO `LOCATION` VALUES (null, 'NU', 'Niue');
INSERT INTO `LOCATION` VALUES (null, 'NF', 'Norfolk Island');
INSERT INTO `LOCATION` VALUES (null, 'MP', 'Northern Mariana Islands');
INSERT INTO `LOCATION` VALUES (null, 'NO', 'Norway');
INSERT INTO `LOCATION` VALUES (null, 'OM', 'Oman');
INSERT INTO `LOCATION` VALUES (null, 'PK', 'Pakistan');
INSERT INTO `LOCATION` VALUES (null, 'PW', 'Palau');
INSERT INTO `LOCATION` VALUES (null, 'PS', 'Palestine');
INSERT INTO `LOCATION` VALUES (null, 'PA', 'Panama');
INSERT INTO `LOCATION` VALUES (null, 'PG', 'Papua New Guinea');
INSERT INTO `LOCATION` VALUES (null, 'PY', 'Paraguay');
INSERT INTO `LOCATION` VALUES (null, 'PE', 'Peru');
INSERT INTO `LOCATION` VALUES (null, 'PH', 'Philippines');
INSERT INTO `LOCATION` VALUES (null, 'PN', 'Pitcairn');
INSERT INTO `LOCATION` VALUES (null, 'PL', 'Poland');
INSERT INTO `LOCATION` VALUES (null, 'PT', 'Portugal');
INSERT INTO `LOCATION` VALUES (null, 'PR', 'Puerto Rico');
INSERT INTO `LOCATION` VALUES (null, 'QA', 'Qatar');
INSERT INTO `LOCATION` VALUES (null, 'RE', 'Reunion');
INSERT INTO `LOCATION` VALUES (null, 'RO', 'Romania');
INSERT INTO `LOCATION` VALUES (null, 'RU', 'Russian Federation');
INSERT INTO `LOCATION` VALUES (null, 'RW', 'Rwanda');
INSERT INTO `LOCATION` VALUES (null, 'KN', 'Saint Kitts and Nevis');
INSERT INTO `LOCATION` VALUES (null, 'LC', 'Saint Lucia');
INSERT INTO `LOCATION` VALUES (null, 'VC', 'Saint Vincent and the Grenadines');
INSERT INTO `LOCATION` VALUES (null, 'WS', 'Samoa');
INSERT INTO `LOCATION` VALUES (null, 'SM', 'San Marino');
INSERT INTO `LOCATION` VALUES (null, 'ST', 'Sao Tome and Principe');
INSERT INTO `LOCATION` VALUES (null, 'SA', 'Saudi Arabia');
INSERT INTO `LOCATION` VALUES (null, 'SN', 'Senegal');
INSERT INTO `LOCATION` VALUES (null, 'RS', 'Serbia');
INSERT INTO `LOCATION` VALUES (null, 'SC', 'Seychelles');
INSERT INTO `LOCATION` VALUES (null, 'SL', 'Sierra Leone');
INSERT INTO `LOCATION` VALUES (null, 'SG', 'Singapore');
INSERT INTO `LOCATION` VALUES (null, 'SK', 'Slovakia');
INSERT INTO `LOCATION` VALUES (null, 'SI', 'Slovenia');
INSERT INTO `LOCATION` VALUES (null, 'SB', 'Solomon Islands');
INSERT INTO `LOCATION` VALUES (null, 'SO', 'Somalia');
INSERT INTO `LOCATION` VALUES (null, 'ZA', 'South Africa');
INSERT INTO `LOCATION` VALUES (null, 'GS', 'South Georgia South Sandwich Islands');
INSERT INTO `LOCATION` VALUES (null, 'SS', 'South Sudan');
INSERT INTO `LOCATION` VALUES (null, 'ES', 'Spain');
INSERT INTO `LOCATION` VALUES (null, 'LK', 'Sri Lanka');
INSERT INTO `LOCATION` VALUES (null, 'SH', 'St. Helena');
INSERT INTO `LOCATION` VALUES (null, 'PM', 'St. Pierre and Miquelon');
INSERT INTO `LOCATION` VALUES (null, 'SD', 'Sudan');
INSERT INTO `LOCATION` VALUES (null, 'SR', 'Suriname');
INSERT INTO `LOCATION` VALUES (null, 'SJ', 'Svalbard and Jan Mayen Islands');
INSERT INTO `LOCATION` VALUES (null, 'SZ', 'Swaziland');
INSERT INTO `LOCATION` VALUES (null, 'SE', 'Sweden');
INSERT INTO `LOCATION` VALUES (null, 'CH', 'Switzerland');
INSERT INTO `LOCATION` VALUES (null, 'SY', 'Syrian Arab Republic');
INSERT INTO `LOCATION` VALUES (null, 'TW', 'Taiwan');
INSERT INTO `LOCATION` VALUES (null, 'TJ', 'Tajikistan');
INSERT INTO `LOCATION` VALUES (null, 'TZ', 'Tanzania, United Republic of');
INSERT INTO `LOCATION` VALUES (null, 'TH', 'Thailand');
INSERT INTO `LOCATION` VALUES (null, 'TG', 'Togo');
INSERT INTO `LOCATION` VALUES (null, 'TK', 'Tokelau');
INSERT INTO `LOCATION` VALUES (null, 'TO', 'Tonga');
INSERT INTO `LOCATION` VALUES (null, 'TT', 'Trinidad and Tobago');
INSERT INTO `LOCATION` VALUES (null, 'TN', 'Tunisia');
INSERT INTO `LOCATION` VALUES (null, 'TR', 'Turkey');
INSERT INTO `LOCATION` VALUES (null, 'TM', 'Turkmenistan');
INSERT INTO `LOCATION` VALUES (null, 'TC', 'Turks and Caicos Islands');
INSERT INTO `LOCATION` VALUES (null, 'TV', 'Tuvalu');
INSERT INTO `LOCATION` VALUES (null, 'UG', 'Uganda');
INSERT INTO `LOCATION` VALUES (null, 'UA', 'Ukraine');
INSERT INTO `LOCATION` VALUES (null, 'AE', 'United Arab Emirates');
INSERT INTO `LOCATION` VALUES (null, 'GB', 'United Kingdom');
INSERT INTO `LOCATION` VALUES (null, 'US', 'United States');
INSERT INTO `LOCATION` VALUES (null, 'UM', 'United States minor outlying islands');
INSERT INTO `LOCATION` VALUES (null, 'UY', 'Uruguay');
INSERT INTO `LOCATION` VALUES (null, 'UZ', 'Uzbekistan');
INSERT INTO `LOCATION` VALUES (null, 'VU', 'Vanuatu');
INSERT INTO `LOCATION` VALUES (null, 'VA', 'Vatican City State');
INSERT INTO `LOCATION` VALUES (null, 'VE', 'Venezuela');
INSERT INTO `LOCATION` VALUES (null, 'VN', 'Vietnam');
INSERT INTO `LOCATION` VALUES (null, 'VG', 'Virgin Islands (British)');
INSERT INTO `LOCATION` VALUES (null, 'VI', 'Virgin Islands (U.S.)');
INSERT INTO `LOCATION` VALUES (null, 'WF', 'Wallis and Futuna Islands');
INSERT INTO `LOCATION` VALUES (null, 'EH', 'Western Sahara');
INSERT INTO `LOCATION` VALUES (null, 'YE', 'Yemen');
INSERT INTO `LOCATION` VALUES (null, 'ZR', 'Zaire');
INSERT INTO `LOCATION` VALUES (null, 'ZM', 'Zambia');
INSERT INTO `LOCATION` VALUES (null, 'ZW', 'Zimbabwe');



--5e884898da28047151d0e56f8dc6292773603d0d6aabbdd62a11ef721d1542d8 == password
--ADMIN
insert into account (user_id,position,password,firstname,lastname,email,rate,isactive)
values (1,1,'5e884898da28047151d0e56f8dc6292773603d0d6aabbdd62a11ef721d1542d8','admin','admin','admin@email.com',10,1);

insert into account (user_id,position,password,firstname,lastname,email,rate,isactive)
values (2,1,'5e884898da28047151d0e56f8dc6292773603d0d6aabbdd62a11ef721d1542d8','admin2','admin2','admin2@email.com',10,1);

insert into account (user_id,position,password,firstname,lastname,email,rate,isactive)
values (100,1,'5e884898da28047151d0e56f8dc6292773603d0d6aabbdd62a11ef721d1542d8','None','Empty','dummy@email.com',10,0);

--FREE LANCERS


insert into account (user_id,position,password,firstname,lastname,email,rate,isactive)
values (3,4,'5e884898da28047151d0e56f8dc6292773603d0d6aabbdd62a11ef721d1542d8','Kim','Un','kim@email.com',10,1);

insert into account (user_id,position,password,firstname,lastname,email,rate,isactive)
values (4,4,'5e884898da28047151d0e56f8dc6292773603d0d6aabbdd62a11ef721d1542d8','Mason','Hill','mason@email.com',10,1);

insert into account (user_id,position,password,firstname,lastname,email,rate,isactive)
values (5,4,'5e884898da28047151d0e56f8dc6292773603d0d6aabbdd62a11ef721d1542d8','Arsal','Butt','arsal@email.com',10,1);

insert into account (user_id,position,password,firstname,lastname,email,rate,isactive)
values (6,4,'5e884898da28047151d0e56f8dc6292773603d0d6aabbdd62a11ef721d1542d8','Cooper','Vasiliou','cooper@email.com',10,1);

insert into account (user_id,position,password,firstname,lastname,email,rate,isactive)
values (7,4,'5e884898da28047151d0e56f8dc6292773603d0d6aabbdd62a11ef721d1542d8','Britanny','Low','britanny@email.com',10,1);

insert into account (user_id,position,password,firstname,lastname,email,rate,isactive)
values (8,4,'5e884898da28047151d0e56f8dc6292773603d0d6aabbdd62a11ef721d1542d8','Omurbek','Kadarov','omurbek@email.com',10,1);

insert into account (user_id,position,password,firstname,lastname,email,rate,isactive)
values (9,4,'5e884898da28047151d0e56f8dc6292773603d0d6aabbdd62a11ef721d1542d8','Alivn','Tido','alvin@email.com',10,1);

insert into account (user_id,position,password,firstname,lastname,email,rate,isactive)
values (10,4,'5e884898da28047151d0e56f8dc6292773603d0d6aabbdd62a11ef721d1542d8','Matthew','Carmichael','matthew@email.com',10,1);

insert into account (user_id,position,password,firstname,lastname,email,rate,isactive)
values (11,4,'5e884898da28047151d0e56f8dc6292773603d0d6aabbdd62a11ef721d1542d8','Adam','Adam','adam@email.com',10,1);

insert into account (user_id,position,password,firstname,lastname,email,rate,isactive)
values (12,4,'5e884898da28047151d0e56f8dc6292773603d0d6aabbdd62a11ef721d1542d8','Charlie','Charlie','charlie@email.com',10,1);

-- DESIGN LEADS
insert into account (user_id,position,password,firstname,lastname,email,rate,isactive)
values (13,3,'5e884898da28047151d0e56f8dc6292773603d0d6aabbdd62a11ef721d1542d8','John','Doe','john@email.com',10,1);

insert into account (user_id,position,password,firstname,lastname,email,rate,isactive)
values (14,3,'5e884898da28047151d0e56f8dc6292773603d0d6aabbdd62a11ef721d1542d8','Alex','Hoof','alex@email.com',10,1);

insert into account (user_id,position,password,firstname,lastname,email,rate,isactive)
values (15,3,'5e884898da28047151d0e56f8dc6292773603d0d6aabbdd62a11ef721d1542d8','Rook','Koor','rook@email.com',10,1);

insert into account (user_id,position,password,firstname,lastname,email,rate,isactive)
values (16,3,'5e884898da28047151d0e56f8dc6292773603d0d6aabbdd62a11ef721d1542d8','Queen','Queen','queen@email.com',10,1);

insert into account (user_id,position,password,firstname,lastname,email,rate,isactive)
values (17,3,'5e884898da28047151d0e56f8dc6292773603d0d6aabbdd62a11ef721d1542d8','Bishop','Bishop','bishop@email.com',10,1);

insert into account (user_id,position,password,firstname,lastname,email,rate,isactive)
values (200,3,'5e884898da28047151d0e56f8dc6292773603d0d6aabbdd62a11ef721d1542d8','Not','Empty','dummyaccount@email.com',10,1);



--COORDINATORS

insert into account (user_id,position,password,firstname,lastname,email,rate,isactive)
values (18,2,'5e884898da28047151d0e56f8dc6292773603d0d6aabbdd62a11ef721d1542d8','Blitz','Blitz','blitz@email.com',10,1);

insert into account (user_id,position,password,firstname,lastname,email,rate,isactive)
values (19,2,'5e884898da28047151d0e56f8dc6292773603d0d6aabbdd62a11ef721d1542d8','Thatcher','Thatcher','thatcher@email.com',10,1);

insert into account (user_id,position,password,firstname,lastname,email,rate,isactive)
values (20,2,'5e884898da28047151d0e56f8dc6292773603d0d6aabbdd62a11ef721d1542d8','Thermite','Thermite','thermite@email.com',10,1);

insert into account (user_id,position,password,firstname,lastname,email,rate,isactive)
values (21,2,'5e884898da28047151d0e56f8dc6292773603d0d6aabbdd62a11ef721d1542d8','Buck','Shot','buck@email.com',10,1);

insert into account (user_id,position,password,firstname,lastname,email,rate,isactive)
values (22,2,'5e884898da28047151d0e56f8dc6292773603d0d6aabbdd62a11ef721d1542d8','Ash','Ashhole','ash@email.com',10,1);


--Source for languages table from  
--https://github.com/Voles/MySQL-ISO-639-1-language-codes/blob/master/db.sql

INSERT INTO `language` VALUES(1, 'English', 'en');
INSERT INTO `language` VALUES(2, 'Afar', 'aa');
INSERT INTO `language` VALUES(3, 'Abkhazian', 'ab');
INSERT INTO `language` VALUES(4, 'Afrikaans', 'af');
INSERT INTO `language` VALUES(5, 'Amharic', 'am');
INSERT INTO `language` VALUES(6, 'Arabic', 'ar');
INSERT INTO `language` VALUES(7, 'Assamese', 'as');
INSERT INTO `language` VALUES(8, 'Aymara', 'ay');
INSERT INTO `language` VALUES(9, 'Azerbaijani', 'az');
INSERT INTO `language` VALUES(10, 'Bashkir', 'ba');
INSERT INTO `language` VALUES(11, 'Belarusian', 'be');
INSERT INTO `language` VALUES(12, 'Bulgarian', 'bg');
INSERT INTO `language` VALUES(13, 'Bihari', 'bh');
INSERT INTO `language` VALUES(14, 'Bislama', 'bi');
INSERT INTO `language` VALUES(15, 'Bengali/Bangla', 'bn');
INSERT INTO `language` VALUES(16, 'Tibetan', 'bo');
INSERT INTO `language` VALUES(17, 'Breton', 'br');
INSERT INTO `language` VALUES(18, 'Catalan', 'ca');
INSERT INTO `language` VALUES(19, 'Corsican', 'co');
INSERT INTO `language` VALUES(20, 'Czech', 'cs');
INSERT INTO `language` VALUES(21, 'Welsh', 'cy');
INSERT INTO `language` VALUES(22, 'Danish', 'da');
INSERT INTO `language` VALUES(23, 'German', 'de');
INSERT INTO `language` VALUES(24, 'Bhutani', 'dz');
INSERT INTO `language` VALUES(25, 'Greek', 'el');
INSERT INTO `language` VALUES(26, 'Esperanto', 'eo');
INSERT INTO `language` VALUES(27, 'Spanish', 'es');
INSERT INTO `language` VALUES(28, 'Estonian', 'et');
INSERT INTO `language` VALUES(29, 'Basque', 'eu');
INSERT INTO `language` VALUES(30, 'Persian', 'fa');
INSERT INTO `language` VALUES(31, 'Finnish', 'fi');
INSERT INTO `language` VALUES(32, 'Fiji', 'fj');
INSERT INTO `language` VALUES(33, 'Faeroese', 'fo');
INSERT INTO `language` VALUES(34, 'French', 'fr');
INSERT INTO `language` VALUES(35, 'Frisian', 'fy');
INSERT INTO `language` VALUES(36, 'Irish', 'ga');
INSERT INTO `language` VALUES(37, 'Scots/Gaelic', 'gd');
INSERT INTO `language` VALUES(38, 'Galician', 'gl');
INSERT INTO `language` VALUES(39, 'Guarani', 'gn');
INSERT INTO `language` VALUES(40, 'Gujarati', 'gu');
INSERT INTO `language` VALUES(41, 'Hausa', 'ha');
INSERT INTO `language` VALUES(42, 'Hindi', 'hi');
INSERT INTO `language` VALUES(43, 'Croatian', 'hr');
INSERT INTO `language` VALUES(44, 'Hungarian', 'hu');
INSERT INTO `language` VALUES(45, 'Armenian', 'hy');
INSERT INTO `language` VALUES(46, 'Interlingua', 'ia');
INSERT INTO `language` VALUES(47, 'Interlingue', 'ie');
INSERT INTO `language` VALUES(48, 'Inupiak', 'ik');
INSERT INTO `language` VALUES(49, 'Indonesian', 'in');
INSERT INTO `language` VALUES(50, 'Icelandic', 'is');
INSERT INTO `language` VALUES(51, 'Italian', 'it');
INSERT INTO `language` VALUES(52, 'Hebrew', 'iw');
INSERT INTO `language` VALUES(53, 'Japanese', 'ja');
INSERT INTO `language` VALUES(54, 'Yiddish', 'ji');
INSERT INTO `language` VALUES(55, 'Javanese', 'jw');
INSERT INTO `language` VALUES(56, 'Georgian', 'ka');
INSERT INTO `language` VALUES(57, 'Kazakh', 'kk');
INSERT INTO `language` VALUES(58, 'Greenlandic', 'kl');
INSERT INTO `language` VALUES(59, 'Cambodian', 'km');
INSERT INTO `language` VALUES(60, 'Kannada', 'kn');
INSERT INTO `language` VALUES(61, 'Korean', 'ko');
INSERT INTO `language` VALUES(62, 'Kashmiri', 'ks');
INSERT INTO `language` VALUES(63, 'Kurdish', 'ku');
INSERT INTO `language` VALUES(64, 'Kirghiz', 'ky');
INSERT INTO `language` VALUES(65, 'Latin', 'la');
INSERT INTO `language` VALUES(66, 'Lingala', 'ln');
INSERT INTO `language` VALUES(67, 'Laothian', 'lo');
INSERT INTO `language` VALUES(68, 'Lithuanian', 'lt');
INSERT INTO `language` VALUES(69, 'Latvian/Lettish', 'lv');
INSERT INTO `language` VALUES(70, 'Malagasy', 'mg');
INSERT INTO `language` VALUES(71, 'Maori', 'mi');
INSERT INTO `language` VALUES(72, 'Macedonian', 'mk');
INSERT INTO `language` VALUES(73, 'Malayalam', 'ml');
INSERT INTO `language` VALUES(74, 'Mongolian', 'mn');
INSERT INTO `language` VALUES(75, 'Moldavian', 'mo');
INSERT INTO `language` VALUES(76, 'Marathi', 'mr');
INSERT INTO `language` VALUES(77, 'Malay', 'ms');
INSERT INTO `language` VALUES(78, 'Maltese', 'mt');
INSERT INTO `language` VALUES(79, 'Burmese', 'my');
INSERT INTO `language` VALUES(80, 'Nauru', 'na');
INSERT INTO `language` VALUES(81, 'Nepali', 'ne');
INSERT INTO `language` VALUES(82, 'Dutch', 'nl');
INSERT INTO `language` VALUES(83, 'Norwegian', 'no');
INSERT INTO `language` VALUES(84, 'Occitan', 'oc');
INSERT INTO `language` VALUES(85, '(Afan)/Oromoor/Oriya', 'om');
INSERT INTO `language` VALUES(86, 'Punjabi', 'pa');
INSERT INTO `language` VALUES(87, 'Polish', 'pl');
INSERT INTO `language` VALUES(88, 'Pashto/Pushto', 'ps');
INSERT INTO `language` VALUES(89, 'Portuguese', 'pt');
INSERT INTO `language` VALUES(90, 'Quechua', 'qu');
INSERT INTO `language` VALUES(91, 'Rhaeto-Romance', 'rm');
INSERT INTO `language` VALUES(92, 'Kirundi', 'rn');
INSERT INTO `language` VALUES(93, 'Romanian', 'ro');
INSERT INTO `language` VALUES(94, 'Russian', 'ru');
INSERT INTO `language` VALUES(95, 'Kinyarwanda', 'rw');
INSERT INTO `language` VALUES(96, 'Sanskrit', 'sa');
INSERT INTO `language` VALUES(97, 'Sindhi', 'sd');
INSERT INTO `language` VALUES(98, 'Sangro', 'sg');
INSERT INTO `language` VALUES(99, 'Serbo-Croatian', 'sh');
INSERT INTO `language` VALUES(100, 'Singhalese', 'si');
INSERT INTO `language` VALUES(101, 'Slovak', 'sk');
INSERT INTO `language` VALUES(102, 'Slovenian', 'sl');
INSERT INTO `language` VALUES(103, 'Samoan', 'sm');
INSERT INTO `language` VALUES(104, 'Shona', 'sn');
INSERT INTO `language` VALUES(105, 'Somali', 'so');
INSERT INTO `language` VALUES(106, 'Albanian', 'sq');
INSERT INTO `language` VALUES(107, 'Serbian', 'sr');
INSERT INTO `language` VALUES(108, 'Siswati', 'ss');
INSERT INTO `language` VALUES(109, 'Sesotho', 'st');
INSERT INTO `language` VALUES(110, 'Sundanese', 'su');
INSERT INTO `language` VALUES(111, 'Swedish', 'sv');
INSERT INTO `language` VALUES(112, 'Swahili', 'sw');
INSERT INTO `language` VALUES(113, 'Tamil', 'ta');
INSERT INTO `language` VALUES(114, 'Telugu', 'te');
INSERT INTO `language` VALUES(115, 'Tajik', 'tg');
INSERT INTO `language` VALUES(116, 'Thai', 'th');
INSERT INTO `language` VALUES(117, 'Tigrinya', 'ti');
INSERT INTO `language` VALUES(118, 'Turkmen', 'tk');
INSERT INTO `language` VALUES(119, 'Tagalog', 'tl');
INSERT INTO `language` VALUES(120, 'Setswana', 'tn');
INSERT INTO `language` VALUES(121, 'Tonga', 'to');
INSERT INTO `language` VALUES(122, 'Turkish', 'tr');
INSERT INTO `language` VALUES(123, 'Tsonga', 'ts');
INSERT INTO `language` VALUES(124, 'Tatar', 'tt');
INSERT INTO `language` VALUES(125, 'Twi', 'tw');
INSERT INTO `language` VALUES(126, 'Ukrainian', 'uk');
INSERT INTO `language` VALUES(127, 'Urdu', 'ur');
INSERT INTO `language` VALUES(128, 'Uzbek', 'uz');
INSERT INTO `language` VALUES(129, 'Vietnamese', 'vi');
INSERT INTO `language` VALUES(130, 'Volapuk', 'vo');
INSERT INTO `language` VALUES(131, 'Wolof', 'wo');
INSERT INTO `language` VALUES(132, 'Xhosa', 'xh');
INSERT INTO `language` VALUES(133, 'Yoruba', 'yo');
INSERT INTO `language` VALUES(134, 'Chinese', 'zh');
INSERT INTO `language` VALUES(135, 'Zulu', 'zu');



-- --MESSAGE GROUP
insert into message_group (message_group_id,chatlog_ref)
values (1,'The chatlog reference.');

insert into message_group (message_group_id,chatlog_ref)
values (2,'The chatlog reference.');

insert into message_group (message_group_id,chatlog_ref)
values (3,'The chatlog reference.');


-- --STYLE
insert into style (style_id,style_desc)
values (1,'The first style.');

insert into style (style_id,style_desc)
values (2,'The second style.');

insert into style (style_id,style_desc)
values (3,'The third style.');




-- --GENRE
insert into genre (genre_id,genre_desc)
values (1,'Comedy');

insert into genre (genre_id,genre_desc)
values (2,'Action');

insert into genre (genre_id,genre_desc)
values (3,'Drama');

insert into genre (genre_id,genre_desc)
values (4,'Romance');

insert into genre (genre_id,genre_desc)
values (5,'Anime');

insert into genre (genre_id,genre_desc)
values (6,'Rom-Com');

insert into genre (genre_id,genre_desc)
values (7,'Sci-Fi');

insert into genre (genre_id,genre_desc)
values (8,'Mystery');

insert into genre (genre_id,genre_desc)
values (9,'Horror');


-- GENRE_has_ACCOUNT
insert into GENRE_has_ACCOUNT(GENRE_genre_id,ACCOUNT_user_id)
values(1,3);  

insert into GENRE_has_ACCOUNT(GENRE_genre_id,ACCOUNT_user_id)
values(2,3);

insert into GENRE_has_ACCOUNT(GENRE_genre_id,ACCOUNT_user_id)
values(3,3);

insert into GENRE_has_ACCOUNT(GENRE_genre_id,ACCOUNT_user_id)
values(4,3);
insert into GENRE_has_ACCOUNT(GENRE_genre_id,ACCOUNT_user_id)
values(2,4);  

insert into GENRE_has_ACCOUNT(GENRE_genre_id,ACCOUNT_user_id)
values(3,4);

insert into GENRE_has_ACCOUNT(GENRE_genre_id,ACCOUNT_user_id)
values(4,4);

insert into GENRE_has_ACCOUNT(GENRE_genre_id,ACCOUNT_user_id)
values(5,4);

insert into GENRE_has_ACCOUNT(GENRE_genre_id,ACCOUNT_user_id)
values(3,5);  

insert into GENRE_has_ACCOUNT(GENRE_genre_id,ACCOUNT_user_id)
values(4,5);

insert into GENRE_has_ACCOUNT(GENRE_genre_id,ACCOUNT_user_id)
values(5,5);

insert into GENRE_has_ACCOUNT(GENRE_genre_id,ACCOUNT_user_id)
values(6,5);

insert into GENRE_has_ACCOUNT(GENRE_genre_id,ACCOUNT_user_id)
values(4,6);  

insert into GENRE_has_ACCOUNT(GENRE_genre_id,ACCOUNT_user_id)
values(5,6);

insert into GENRE_has_ACCOUNT(GENRE_genre_id,ACCOUNT_user_id)
values(6,6);

insert into GENRE_has_ACCOUNT(GENRE_genre_id,ACCOUNT_user_id)
values(7,6);

insert into GENRE_has_ACCOUNT(GENRE_genre_id,ACCOUNT_user_id)
values(5,7);  

insert into GENRE_has_ACCOUNT(GENRE_genre_id,ACCOUNT_user_id)
values(6,7);

insert into GENRE_has_ACCOUNT(GENRE_genre_id,ACCOUNT_user_id)
values(7,7);

insert into GENRE_has_ACCOUNT(GENRE_genre_id,ACCOUNT_user_id)
values(8,7);

insert into GENRE_has_ACCOUNT(GENRE_genre_id,ACCOUNT_user_id)
values(6,8);  

insert into GENRE_has_ACCOUNT(GENRE_genre_id,ACCOUNT_user_id)
values(7,8);

insert into GENRE_has_ACCOUNT(GENRE_genre_id,ACCOUNT_user_id)
values(8,8);

insert into GENRE_has_ACCOUNT(GENRE_genre_id,ACCOUNT_user_id)
values(9,8);

insert into GENRE_has_ACCOUNT(GENRE_genre_id,ACCOUNT_user_id)
values(2,9);  

insert into GENRE_has_ACCOUNT(GENRE_genre_id,ACCOUNT_user_id)
values(4,9);

insert into GENRE_has_ACCOUNT(GENRE_genre_id,ACCOUNT_user_id)
values(6,9);

insert into GENRE_has_ACCOUNT(GENRE_genre_id,ACCOUNT_user_id)
values(8,9);

insert into GENRE_has_ACCOUNT(GENRE_genre_id,ACCOUNT_user_id)
values(1,10);  

insert into GENRE_has_ACCOUNT(GENRE_genre_id,ACCOUNT_user_id)
values(3,10);

insert into GENRE_has_ACCOUNT(GENRE_genre_id,ACCOUNT_user_id)
values(5,10);

insert into GENRE_has_ACCOUNT(GENRE_genre_id,ACCOUNT_user_id)
values(7,10);

insert into GENRE_has_ACCOUNT(GENRE_genre_id,ACCOUNT_user_id)
values(1,11);  

insert into GENRE_has_ACCOUNT(GENRE_genre_id,ACCOUNT_user_id)
values(2,11);

insert into GENRE_has_ACCOUNT(GENRE_genre_id,ACCOUNT_user_id)
values(5,11);

insert into GENRE_has_ACCOUNT(GENRE_genre_id,ACCOUNT_user_id)
values(9,11);

insert into GENRE_has_ACCOUNT(GENRE_genre_id,ACCOUNT_user_id)
values(2,12);  

insert into GENRE_has_ACCOUNT(GENRE_genre_id,ACCOUNT_user_id)
values(3,12);

insert into GENRE_has_ACCOUNT(GENRE_genre_id,ACCOUNT_user_id)
values(6,12);

insert into GENRE_has_ACCOUNT(GENRE_genre_id,ACCOUNT_user_id)
values(7,12);

-- --TITLE
insert into title (title_id,name,start_date,end_date,is_active,priority,design_info,number_of_freelancers,design_lead_id,coordinator_id,max_number_of_freelancers)
values (1,'Devilman Crybaby',CURDATE() - INTERVAL 14 DAY,CURDATE() + INTERVAL 8 DAY,1,1,'Design info.',4,13,22,4);

insert into title (title_id,name,start_date,end_date,is_active,priority,design_info,number_of_freelancers,design_lead_id,coordinator_id,max_number_of_freelancers)
values (2,'Superman',sysdate(),sysdate(),1,1,'Design info.',5,14,21,5);

insert into title (title_id,name,start_date,end_date,is_active,priority,design_info,number_of_freelancers,design_lead_id,coordinator_id,max_number_of_freelancers)
values (3,'Kims Convenience',sysdate(),sysdate(),0,0,'Design info.',2,15,20,2);

insert into title (title_id,name,start_date,end_date,is_active,priority,design_info,number_of_freelancers,design_lead_id,coordinator_id,max_number_of_freelancers)
values (4,'The 100',sysdate(),sysdate(),0,0,'Design info.',3,16,19,3);

insert into title (title_id,name,start_date,end_date,is_active,priority,design_info,number_of_freelancers,design_lead_id,coordinator_id,max_number_of_freelancers)
values (5,'Violet Evergarden',sysdate(),sysdate(),1,1,'Design info.',1,17,18,1);

insert into title (title_id,name,start_date,end_date,is_active,priority,design_info,number_of_freelancers,design_lead_id,coordinator_id,max_number_of_freelancers)
values (6,'Yes man',sysdate(),sysdate(),0,0,'Design info.',8,13,18,8);

insert into title (title_id,name,start_date,end_date,is_active,priority,design_info,number_of_freelancers,design_lead_id,coordinator_id,max_number_of_freelancers)
values (7,'Godzilla',sysdate(),sysdate(),1,1,'Design info.',4,13,19,5);

insert into title (title_id,name,start_date,end_date,is_active,priority,design_info,number_of_freelancers,design_lead_id,coordinator_id,max_number_of_freelancers)
values (8,'Shrek 2',sysdate(),sysdate(),1,1,'Design info.',5,14,20,6);

insert into title (title_id,name,start_date,end_date,is_active,priority,design_info,number_of_freelancers,design_lead_id,coordinator_id,max_number_of_freelancers, completed)
values (9,'Red Dragon',sysdate(),sysdate(),0,0,'Design info.',2,15,21,3,1);



-- --TITLE GENRE BRIDGE
insert into GENRE_has_TITLE (GENRE_genre_id,TITLE_title_id)
values (2,1);
insert into GENRE_has_TITLE (GENRE_genre_id,TITLE_title_id)
values (3,1);
insert into GENRE_has_TITLE (GENRE_genre_id,TITLE_title_id)
values (5,1);
insert into GENRE_has_TITLE (GENRE_genre_id,TITLE_title_id)
values (9,1);
insert into GENRE_has_TITLE (GENRE_genre_id,TITLE_title_id)
values (2,2);
insert into GENRE_has_TITLE (GENRE_genre_id,TITLE_title_id)
values (1,3);
insert into GENRE_has_TITLE (GENRE_genre_id,TITLE_title_id)
values (3,3);
insert into GENRE_has_TITLE (GENRE_genre_id,TITLE_title_id)
values (6,3);
insert into GENRE_has_TITLE (GENRE_genre_id,TITLE_title_id)
values (2,4);
insert into GENRE_has_TITLE (GENRE_genre_id,TITLE_title_id)
values (4,4);
insert into GENRE_has_TITLE (GENRE_genre_id,TITLE_title_id)
values (2,5);
insert into GENRE_has_TITLE (GENRE_genre_id,TITLE_title_id)
values (3,5);
insert into GENRE_has_TITLE (GENRE_genre_id,TITLE_title_id)
values (4,5);
insert into GENRE_has_TITLE (GENRE_genre_id,TITLE_title_id)
values (5,5);
insert into GENRE_has_TITLE (GENRE_genre_id,TITLE_title_id)
values (1,6);
insert into GENRE_has_TITLE (GENRE_genre_id,TITLE_title_id)
values (5,7);
insert into GENRE_has_TITLE (GENRE_genre_id,TITLE_title_id)
values (1,8);
insert into GENRE_has_TITLE (GENRE_genre_id,TITLE_title_id)
values (4,8);
insert into GENRE_has_TITLE (GENRE_genre_id,TITLE_title_id)
values (2,9);
insert into GENRE_has_TITLE (GENRE_genre_id,TITLE_title_id)
values (3,9);
insert into GENRE_has_TITLE (GENRE_genre_id,TITLE_title_id)
values (9,9);





-- STATUS
insert into STATUS(status_id,status_desc)
values (1,'Ongoing');

insert into STATUS(status_id,status_desc)
values (3,'Suspened');

insert into STATUS(status_id,status_desc)
values (2,'Waiting For Feedback');

insert into STATUS(status_id,status_desc)
values (4,'Unassigned');

insert into STATUS(status_id,status_desc)
values (5,'Completed');






-- --USER TITLE BRIDGE


--LEAD USER
    insert into TITLE_has_ACCOUNT (ACCOUNT_user_id,TITLE_title_id,STATUS_status_id)
values (13,1,1);
--COOR USER
insert into TITLE_has_ACCOUNT (ACCOUNT_user_id,TITLE_title_id,STATUS_status_id)
values (22,1,1);

--FREELANCER USER
insert into TITLE_has_ACCOUNT (ACCOUNT_user_id,TITLE_title_id,STATUS_status_id)
values (3,1,1);
--FREELANCER USER
insert into TITLE_has_ACCOUNT (ACCOUNT_user_id,TITLE_title_id,STATUS_status_id)
values (4,1,2);
--FREELANCER USER
insert into TITLE_has_ACCOUNT (ACCOUNT_user_id,TITLE_title_id,STATUS_status_id)
values (5,1,3);
--FREELANCER USER
insert into TITLE_has_ACCOUNT (ACCOUNT_user_id,TITLE_title_id,STATUS_status_id)
values (6,1,1);




--LEAD USER
insert into TITLE_has_ACCOUNT (ACCOUNT_user_id,TITLE_title_id,STATUS_status_id)
values (14,2,1);
--COOR USER
insert into TITLE_has_ACCOUNT (ACCOUNT_user_id,TITLE_title_id,STATUS_status_id)
values (21,2,1);

--FREELANCER
insert into TITLE_has_ACCOUNT (ACCOUNT_user_id,TITLE_title_id,STATUS_status_id)
values (6,2,1);
insert into TITLE_has_ACCOUNT (ACCOUNT_user_id,TITLE_title_id,STATUS_status_id)
values (7,2,2);
insert into TITLE_has_ACCOUNT (ACCOUNT_user_id,TITLE_title_id,STATUS_status_id)
values (8,2,3);




--LEAD USER
insert into TITLE_has_ACCOUNT (ACCOUNT_user_id,TITLE_title_id,STATUS_status_id)
values (15,3,1);
--COOR USER
insert into TITLE_has_ACCOUNT (ACCOUNT_user_id,TITLE_title_id,STATUS_status_id)
values (20,3,1);

--FREELANCER
insert into TITLE_has_ACCOUNT (ACCOUNT_user_id,TITLE_title_id,STATUS_status_id)
values (12,3,1);
insert into TITLE_has_ACCOUNT (ACCOUNT_user_id,TITLE_title_id,STATUS_status_id)
values (11,3,2);



--LEAD USER
insert into TITLE_has_ACCOUNT (ACCOUNT_user_id,TITLE_title_id,STATUS_status_id)
values (16,4,1);
--COOR USER
insert into TITLE_has_ACCOUNT (ACCOUNT_user_id,TITLE_title_id,STATUS_status_id)
values (19,4,1);

--FREELANCER
insert into TITLE_has_ACCOUNT (ACCOUNT_user_id,TITLE_title_id,STATUS_status_id)
values (8,4,1);




--LEAD USER
insert into TITLE_has_ACCOUNT (ACCOUNT_user_id,TITLE_title_id,STATUS_status_id)
values (17,5,1);
--COOR USER
insert into TITLE_has_ACCOUNT (ACCOUNT_user_id,TITLE_title_id,STATUS_status_id)
values (18,5,1);

--FREELANCER
insert into TITLE_has_ACCOUNT (ACCOUNT_user_id,TITLE_title_id,STATUS_status_id)
values (9,5,1);


--LEAD USER
insert into TITLE_has_ACCOUNT (ACCOUNT_user_id,TITLE_title_id,STATUS_status_id)
values (13,6,1);
--COOR USER
insert into TITLE_has_ACCOUNT (ACCOUNT_user_id,TITLE_title_id,STATUS_status_id)
values (18,6,1);

--FREELANCER
insert into TITLE_has_ACCOUNT (ACCOUNT_user_id,TITLE_title_id,STATUS_status_id)
values (10,6,1);
insert into TITLE_has_ACCOUNT (ACCOUNT_user_id,TITLE_title_id,STATUS_status_id)
values (11,6,2);
--1 USER
insert into TITLE_has_ACCOUNT (ACCOUNT_user_id,TITLE_title_id,STATUS_status_id)
values (12,6,3);



--LEAD USER
insert into TITLE_has_ACCOUNT (ACCOUNT_user_id,TITLE_title_id,STATUS_status_id)
values (13,7,1);
--COOR USER
insert into TITLE_has_ACCOUNT (ACCOUNT_user_id,TITLE_title_id,STATUS_status_id)
values (19,7,1);

--FREELANCER
insert into TITLE_has_ACCOUNT (ACCOUNT_user_id,TITLE_title_id,STATUS_status_id)
values (4,7,2);
insert into TITLE_has_ACCOUNT (ACCOUNT_user_id,TITLE_title_id,STATUS_status_id)
values (5,7,2);





--LEAD USER
insert into TITLE_has_ACCOUNT (ACCOUNT_user_id,TITLE_title_id,STATUS_status_id)
values (14,8,1);
--COOR USER
insert into TITLE_has_ACCOUNT (ACCOUNT_user_id,TITLE_title_id,STATUS_status_id)
values (20,8,1);

--FREELANCER
insert into TITLE_has_ACCOUNT (ACCOUNT_user_id,TITLE_title_id,STATUS_status_id)
values (6,8,1);
insert into TITLE_has_ACCOUNT (ACCOUNT_user_id,TITLE_title_id,STATUS_status_id)
values (7,8,2);


--LEAD USER
insert into TITLE_has_ACCOUNT (ACCOUNT_user_id,TITLE_title_id,STATUS_status_id)
values (15,9,1);
--COOR USER
insert into TITLE_has_ACCOUNT (ACCOUNT_user_id,TITLE_title_id,STATUS_status_id)
values (21,9,1);

--FREELANCER
insert into TITLE_has_ACCOUNT (ACCOUNT_user_id,TITLE_title_id,STATUS_status_id)
values (9,9,1);
insert into TITLE_has_ACCOUNT (ACCOUNT_user_id,TITLE_title_id,STATUS_status_id)
values (10,9,2);






insert into artwork
values (1,'The first artwork','The first artwork reference',75,0,1,1,4,2);

insert into artwork
values (2,'The second artwork','The second artwork reference',75,0,1,1,6,1);
--
insert into artwork
values (3,'The third artwork','The third artwork reference',75,0,1,3,12,1);




-- --ARTWORK STYLE
insert into STYLE_has_ARTWORK (STYLE_style_id,ARTWORK_artwork_id)
values (1,1);

insert into STYLE_has_ARTWORK (STYLE_style_id,ARTWORK_artwork_id)
values (2,2);

insert into STYLE_has_ARTWORK (STYLE_style_id,ARTWORK_artwork_id)
values (3,3);



-- --ASSET TYPE
insert into asset_type (type_id,type_desc)
values (1,'Type 1');

insert into asset_type (type_id,type_desc)
values (2,'Type 2');

insert into asset_type (type_id,type_desc)
values (3,'Type 3');




-- --ASSET
insert into asset (type_id,title_id,asset_id,type_ref)
values (1,1,1,'A type reference.');

insert into asset (type_id,title_id,asset_id,type_ref)
values (2,2,2,'A type reference.');

insert into asset (type_id,title_id,asset_id,type_ref)
values (3,3,3,'A type reference.');



-- --BACKUP
insert into backup (backup_id,backup_name,backup_date)
values (1,'Backup 1',sysdate());

insert into backup (backup_id,backup_name,backup_date)
values (2,'Backup 2',sysdate());

insert into backup (backup_id,backup_name,backup_date)
values (3,'Backup 3',sysdate());




-- --LANGUAGE
insert into ACCOUNT_has_LANGUAGE (ACCOUNT_user_id,LANGUAGE_language_id)
values(12,1);

insert into ACCOUNT_has_LANGUAGE (ACCOUNT_user_id,LANGUAGE_language_id)
values(13,2);

insert into ACCOUNT_has_LANGUAGE (ACCOUNT_user_id,LANGUAGE_language_id)
values(14,3);

insert into ACCOUNT_has_LANGUAGE (ACCOUNT_user_id,LANGUAGE_language_id)
values(15,3);

insert into ACCOUNT_has_LANGUAGE (ACCOUNT_user_id,LANGUAGE_language_id)
values(16,3);

insert into ACCOUNT_has_LANGUAGE (ACCOUNT_user_id,LANGUAGE_language_id)
values(17,3);

insert into ACCOUNT_has_LANGUAGE (ACCOUNT_user_id,LANGUAGE_language_id)
values(18,3);

insert into ACCOUNT_has_LANGUAGE (ACCOUNT_user_id,LANGUAGE_language_id)
values(19,3);



-- --FEEDBACK
-- -- isread 1 = true, 0 = false
insert into feedback (feedback_id,artwork_id,feedback_desc,feedback_date,isread_date,isread)
values (1,1,'It is great!',sysdate(),sysdate(),1);

insert into feedback (feedback_id,artwork_id,feedback_desc,feedback_date,isread_date,isread)
values (2,2,'It is great!',sysdate(),sysdate(),1);

insert into feedback (feedback_id,artwork_id,feedback_desc,feedback_date,isread_date,isread)
values (3,3,'It is great!',sysdate(),sysdate(),0);


